1011092;цемепюрнп аемгхмнбши TOR KM2500H 2,0 йбр 220б 16 к я псвмшл гюосяйнл;https://eme54.ru/catalog/generatory_sinkhronnye_220_v/generator_benzinovyy_tor_km2500h_2_0_kvt_220v_16_l_s_ruchnym_zapuskom/
1011093;цемепюрнп аемгхмнбши TOR KM3800H 2,5 йбр 220б 16 к я псвмшл гюосяйнл;https://eme54.ru/catalog/generatory_sinkhronnye_220_v/generator_benzinovyy_tor_km3800h_2_5_kvt_220v_16_l_s_ruchnym_zapuskom/
1018114;цемепюрнп аемгхмнбши TOR KM3800H 2,5 йбр 220б 16 к я щкейрпнярюпрепнл х йнкеяюлх;https://eme54.ru/catalog/generatory_sinkhronnye_220_v/generator_benzinovyy_tor_km3800h_2_5_kvt_220v_16_l_s_elektrostarterom_i_kolesami/
1018115;цемепюрнп аемгхмнбши TOR KM4800H 3,3 йбр 220б 16 к я псвмшл гюосяйнл;https://eme54.ru/catalog/generatory_sinkhronnye_220_v/generator_benzinovyy_tor_km4800h_3_3_kvt_220v_16_l_s_ruchnym_zapuskom/
1011096;цемепюрнп аемгхмнбши TOR KM4800H 3,3 йбр 220б 16 к я щкейрпнярюпрепнл х йнкеяюлх;https://eme54.ru/catalog/generatory_sinkhronnye_220_v/generator_benzinovyy_tor_km4800h_3_3_kvt_220v_16_l_s_elektrostarterom_i_kolesami/

1011098;цемепюрнп аемгхмнбши TOR KM8000H 6,0 йбр 220б 27 к я щкейрпнярюпрепнл х йнкеяюлх;https://eme54.ru/catalog/generatory_sinkhronnye_220_v/generator_benzinovyy_tor_km8000h_6_0_kvt_220v_27_l_s_elektrostarterom_i_kolesami/
1018117;цемепюрнп аемгхмнбши TOR KM6500H 5,0 йбр 220б 27 к я щкейрпнярюпрепнл х йнкеяюлх;https://eme54.ru/catalog/generatory_sinkhronnye_220_v/generator_benzinovyy_tor_km6500h_5_0_kvt_220v_27_l_s_elektrostarterom_i_kolesami/
1011094;цемепюрнп аемгхмнбши TOR KM4000H 2,8 йбр 220б 16 к я щкейрпнярюпрепнл;https://eme54.ru/catalog/generatory_sinkhronnye_220_v/generator_benzinovyy_tor_km4000h_2_8_kvt_220v_16_l_s_elektrostarterom/
1025973;цемепюрнп аемгхмнбши хмбепрнпмши TOR KM2000I 2,0 йбр 220б 12 к я щкейрпнярюпрепнл;https://eme54.ru/catalog/generatory_sinkhronnye_220_v/generator_benzinovyy_invertornyy_tor_km2000i_2_0_kvt_220v_12_l_s_elektrostarterom/
1011099;цемепюрнп аемгхмнбши TOR KM9500H 7,0 йбр 220б 27 к я щкейрпнярюпрепнл х йнкеяюлх;https://eme54.ru/catalog/generatory_sinkhronnye_220_v/generator_benzinovyy_tor_km9500h_7_0_kvt_220v_27_l_s_elektrostarterom_i_kolesami/
1011100;цемепюрнп аемгхмнбши TOR KM11000H 8,0 йбр 220б 27 к я щкейрпнярюпрепнл х йнкеяюлх;https://eme54.ru/catalog/generatory_sinkhronnye_220_v/generator_benzinovyy_tor_km11000h_8_0_kvt_220v_27_l_s_elektrostarterom_i_kolesami/
